society	'돌봄 공백' 없앤다..관건은 '재정·공간·인력'	정부 "2022년까지 1조 투입" / 서비스 대상 33만→53만명으로..시간도 저녁 5시→7시로 확대 / "맞벌이 가정 육아 고충 덜 것" / 재정건전성 악화 부담은 숙제	모든 부모가 그렇지만 특히 맞벌이 부부는 아이를 낳아 기르는 일이 큰 시련이다. 아이가 어느 정도 커 학교에 들어갔다고 해서 고민이 끝나는 게 아니다. 그동안 정부 출산 대책은 출산과 영유아 양육에 집중된 감이 없지 않다.            앞으로 초등학생 돌봄 서비스가 대폭 확대된다. 수혜 인원이 크게 늘어나고 돌봄 시간도 현실에 맞게끔 조정된다. 다만, 무상보육·아동수당·청년수당 등에 이어 초등생 돌봄 서비스까지 정부 지원이 확대되면서 재정 건전성에 더욱 주름을 지우게 됐다.                 문재인 대통령은 4일 서울 성동구 경동초등학교를 방문해 1일 돌봄교사 체험을 한 뒤 “초등학생 267만명 중 방과후 학교나 마을에서 돌봄을 받는 아이는 약 33만명밖에 되지 않는다”면서 “맞벌이 가정의 돌봄 수요만 적어도 40만명 이상으로 추산되는데, 방과후 보호받지 못하는 초등학생 또는 혼자 있는 아이가 너무 많은 상황”이라고 지적했다.           문 대통령은 이어 “현재 학교 돌봄 인원이 약 24만명, 마을 돌봄 인원은 9만명인데, 각각 10만명씩 늘려서 전체 초등학교 돌봄 인원을 53만명으로 늘리겠다”고 밝혔다. 정부는 현재 맞벌이 수요를 최소 46만명에서 64만명으로 추산하고 있다. 문 대통령은 또 “지금까지 초등학교 1·2학년 위주로 대부분 오후 5시까지만 돌본 탓에 부모의 퇴근까지 공백이 있었다”면서 “점차 대상 학년을 높여 초등학교 6학년까지 전 학년 돌봄으로 확대해 가고, 시간도 오후 7시까지로 점차 늘려가겠다”고 밝혔다. 초등생 돌봄 서비스는 2016년 교육부 조사 때 학부모 96.7%가 만족할 정도로 호응이 컸으나 교실과 돌봄교사 확보 등 문제로 맞벌이 가정 자녀와 1·2학년 학생 중심으로 이뤄졌다. 서울에서만 올해 3만3836명이 서비스를 신청해 3만2764명이 이용했다. 초등학생 자녀를 둔 맞벌이 가정이나 방과 후 자녀를 학원에 보내지 못하는 저소득층 가정은 이번 조치를 크게 반기고 있다.    문 대통령이 2022년 임기 내를 목표 시한으로 제시했으나 넘어야 할 과제는 만만치 않다. 우선 소요 예산만 1조1053억원이 예상된다. 인구 감소 속에 복지 혜택을 영유아기에 이어 청년기, 노년기, 학령기로 마냥 늘리기는 어려운 일이다. 설치비야 정부가 부담하겠지만 운영비와 인건비를 놓고 지자체와도 이견이 예상된다.  예산이 확보되더라도 돌봄 공간과 교사를 확보하는 문제가 있다. 교육당국은 취학 학생 감소로 초등학교에 남는 공간을 돌봄 공간으로 사용할 방침이다. 하지만 대체로 정작 돌봄 공간이 필요한 지역에서는 빈 교실이 별로 없어 ‘미스 매칭’이 우려된다. 학교를 돌봄보다 교육에 활용해야 한다는 반론도 제기되고 있다. 돌봄 서비스를 담당할 전문인력을 확보하는 것도 필요하다. 정부는 교원자격증이나 보육교사자격증을 가진 이들을 돌봄교실 1실당 1명씩 배치할 방침이지만, 신분과 보수, 업무 등 해결해야 할 과제가 적지 않다. 남혜정·유태영 기자 hjnam@segye.com
society	제주 4‧3 분향소 파손한 남성 붙잡았지만..'횡설수설'		4일 오전 경남 창원시 의창구 정우상가 앞에 설치된 제주 4·3 70주년 추모 시민분향소가 파손돼 있다. [연합뉴스]                  경남 창원중부경찰서는 제주 4‧3 70주년 추모 시민분향소를 파손한 혐의(특수재물손괴)로 조모(49)씨를 붙잡아 조사하고 있다.           4일 경찰에 따르면 조씨는 이날 새벽 3시 30분쯤 창원시 의창구 정우상가 앞에 설치됐던 제주 4‧3 70주년 추모 시민분향소 천막을 찢었다. ‘김정은 지시를 받는 경남경찰청장’이라는 문구와 문재인 대통령을 비난하는 문구를 작성한 혐의를 받는다. 경찰은 조씨를 이날 2시 46분쯤 분향소에서 직선거리 100m 정도 떨어진 창원시 의창구 한 거리에서 붙잡았다. 검거 당시 그는 CCTV 속 복장과 동일한 차림이었다고 경찰은 설명했다. 조씨는 경찰에 붙잡혔을 당시 시민분향소 훼손 및 비난 문구 작성에 대해 시인했다. 그러나 동기 등을 묻는 말에는 “나도 고소하겠다”며 횡설수설하고 있다고 경찰은 전했다. 조씨는 뚜렷한 직업이나 거주지가 없는 것으로 드러났다. 경찰은 조씨에게 범행을 사주한 세력이나 인물이 있는지, 특정 단체에 가입돼 있는지 등에 대해 보강 수사를 하고 신병 처리 수위를 결정할 방침이다. 조씨가 훼손한 분향소는 제주 4‧3 70주년 기념사업회 경남위원회가 피해자 넋을 기리고자 지난 3일 설치했다. 밤새 분향소를 지키는 사람이 없어 목격자는 없는 것으로 파악됐다. 경남위원회 관계자는 “분향소가 부서진 모습이 제주 4‧3의 슬픔과 다를 바가 없는 것 같아 참담하다”며 “추모음악회 등은 찢어진 천막을 그대로 놔둔 채 진행된다”고 말했다. 위원회 측은 예정대로 5일까지 분향소를 운영할 예정이다. 이가영 기자 lee.gayoung1@joongang.co.kr
society	영장심사 마친 안희정..이르면 오늘 밤늦게 결정(종합)	2시간 50분간 영장심사.."법정과 검찰에서만 말하겠다"	‘성폭행 혐의’ 를 받고 있는 안희정 전 충남도지사가 두 번째 영장실질심사를 받기 위해 4일 오후 서울 마포구 서부지법에 들어서고 있다. 검찰은 지난달 28일 안 전 지사의 구속영장을 청구했으나 기각됐다. (사진=황진환 기자)                        안희정 전 충남지사의 구속 여부가 4일 다시 가려진다.            안 전 지사는 이날 오후 4시 40분쯤 서울서부지법에서 박승혜 영장전담판사의 심리로 열린 구속 전 피의자심문(영장실질심사)을 받고 법정을 나왔다. 법원이 지난달 28일 "증거인멸의 우려가 없고 방어권을 과도하게 침해한다"며 구속영장을 기각한 뒤 두 번째 심사다. 안 전 지사는 취재진에게 "사안의 특성상 법정과 검찰 조사에서만 말씀드리겠다"며 "언론인 여러분께 말씀 못 드리는 점 이해해주시기 바란다"고 말했다. 곧이어 안 전 지사는 검찰 수사관들과 함께 검은색 승용차를 타고 대기 장소인 서울남부구치소로 향했다. 영장실질심사를 받기 전에도 안 전 지사는 이날 오후 1시 50분쯤 검은색 양복 차림으로 청사 앞 포토라인에서 고개를 숙이면서도 취재진의 질문에는 "법정에서 말씀드리겠다"고만 짧게 답했다.  검찰은 앞서 지난 2일 보강조사를 한 끝에 "증거 인멸의 우려가 있고, 2차 피해 등 사안이 중대하다"며 안 전 지사에 대한 구속영장을 다시 청구했다.  검찰에 따르면 안 전 지사는 정무비서였던 김지은 씨에 대해 4차례 성폭행 및 추행한 혐의를 받는다.  영장에 적용된 혐의는 형법상 피감독자 간음(업무상 위력 등에 의한 간음) 등 3개 혐의로 이전 영장과 동일하다.  검찰은 안 전 지사의 영장이 기각된 뒤 김 씨를 다시 불러 조사했고, 핸드폰 디지털포렌식 분석 등 압수물 분석과 함께 참고인 등을 불러 2차 피해 여부 등 증거인멸 우려에 대해서도 보강 수사를 진행했다. 이 과정에서 검찰은 안 전 지사가 휴대폰 사용기록을 삭제하는 등 증거인멸을 시도한 정황 등을 파악한 것으로 알려졌다.  따라서 안 전 지사의 증거인멸 정황과 김 씨의 성적 자기결정권이 침해되는 과정에서 업무상 위력이 작용 여부에 대한 검찰의 소명이 충분한지 등에 대한 법원의 판단이 쟁점이 될 전망이다.  안 전 지사의 구속 여부는 이르면 이날 밤늦게 나올 것으로 보인다.  [CBS노컷뉴스 고무성 기자] kms@cbs.co.kr
society	[뉴스브리핑] 부산 실종 일주일.."계곡서 진달래꽃 먹으며 지내"		1. '부인 살해 혐의' 경찰관, 구치소서 스스로… 아내를 죽인 혐의로 수감돼 있던 경북 영천경찰서 소속 경찰관 정모 씨가 지난달 25일 새벽 구치소에서 스스로 목숨을 끊은 사실이 뒤늦게 알려졌습니다. 정 씨는 지난 1월 22일 운전하던 아내를 목을 졸라 살해한 혐의로 구속 기소됐습니다. 정 씨는 아내를 살해하지 않았고 죽음으로 결백을 주장하고 싶다는 내용의 유서를 남겼습니다. 2. 실종 일주일…"계곡서 진달래꽃 먹으며 지내" 지난달 27일 저녁 보라색 이불을 뒤집어쓰고 사라졌던 22살 김모 씨가, 어제(3일) 오후 주거지 인근 부산 금정산에서 경찰에 발견돼 가족 품으로 돌아왔습니다. 김 씨는 일주일 동안 추위를 피해서, 계곡에 있는 큰 바위 밑 움푹 들어간 곳에서 잠을 잤고 주변에 피어 있는 진달래꽃을 따 먹으며 지냈다고 경찰에 진술했습니다. 3. "731부대 장교들에 준 박사학위 취소해야" 일본의 침략전쟁 때 만주에서 '생체 실험'을 한 관동군 731부대 장교들에게 교토대가 줬던 '박사 학위'를 취소해야 한다고 일본 학자들이 주장하고 나섰습니다. 인체 실험이 사실이라면 장교들의 논문은 날조된 것이고 비인도적인 것인 만큼, 교토대가 검증할 의무가 있다고 했다고 교토신문이 전했습니다. 731부대에는 교토대 의학부 출신들이 있었고 교토대는 약 20명에게 '박사 학위' 등을 수여했습니다. 4. 김남호 DB손보 부사장 '주식매각 의혹' 조사 김남호 DB 손해보험 부사장이 장인이 대주주인 '차바이오텍'의 미공개 내부 정보를 이용해서 주식을 거래했다는 의혹이 나와 금융당국이 조사에 들어갔습니다. '차바이오텍'은 4년 연속 적자로 지난달 관리 종목에 지정됐는데 김 부사장은 이보다 한 달 전에 보유 주식을 모두 팔아, 20억 원 가까운 이익을 낸 것으로 알려졌습니다.
society	다시 묻는다, 쌍용차 해고자의 아픔을		[경향신문] ㆍ김승섭 교수팀, 인권위 지원으로 3년 만에 후속 연구    한국 사회에서 정리해고는 노동자에게 어떤 상흔을 남길까. 2009년 ‘옥쇄파업’ 이후 10년째 ‘현재진행형’인 쌍용차 사태의 기록은 “경영의 실패를 노동자들에게 전가하는 ‘정리해고’를 우리 사회가 받아들일 수 있는지”를 묻는다. 지난 10년 동안 알려진 것만 29명의 해고자와 그 가족이 스스로 세상을 등지거나 병에 걸려 숨졌다. 정리해고에 저항하며 파업에 가담했던 노동자들의 외상 후 스트레스 장애(PTSD) 유병률은 걸프전에서 포로로 잡혔던 군인보다도 높다. 노동자들은 하루아침에 직장을 잃고 사측과 경찰 등으로부터 수십억원대의 손해배상도 청구당했다.  그러는 동안 쌍용차 사태는 벼랑 끝에 몰린 한국 노동자들의 집단 트라우마가 됐다. 해외매각을 앞둔 금호타이어는 중국 업체가 투자 없이 기술만 빼돌리고 ‘먹튀’한 쌍용차 사태 같은 일이 재현될 수 있다며 두려워한다. 철수설까지 도는 한국지엠에서는 이미 희망퇴직 대상자가 된 노동자 두 명이 스스로 목숨을 끊었다. 정리해고와 국가폭력이 쌍용차 해고자와 그 가족들에게 어떤 영향을 미쳤는지에 대한 연구가 국가인권위원회 지원으로 3년 만에 다시 이뤄진다. 쌍용차 해고노동자 심리치유센터 ‘와락’과 고려대 보건정책관리학부 김승섭 교수 연구팀은 4일 서울 중구 인권위에서 기자간담회를 열고 ‘해고, 국가폭력, 그리고 노동자의 몸’ 연구를 진행한다고 밝혔다.  김 교수는 “10년이 지난 지금까지도 쌍용차 사태를 이야기하고 연구해야 하는 이유는 ‘우리 사회가 이런 방식의 정리해고를 받아들일 수 있는지’ 질문하기 위해서”라며 “이제는 이런 질문들에 대한 답을 내놓아야 한다”고 말했다.  앞선 연구에서 쌍용차 파업 가담자, 해고자들은 정신적 상처와 건강상 문제를 동시에 갖게 된 것으로 나타났다. 파업 직후인 2009년 노동환경건강연구소가 쌍용차 파업 참가 노동자 208명을 대상으로 설문조사를 한 결과 이들 중 50.5%가 외상 후 스트레스 장애를 앓고 있었다. 같은 측정도구를 이용한 미국의 연구에서 드러난 걸프전 참전 쿠웨이트 군인의 PTSD 유병률은 전방에서 전투에 참여한 경우 22%, 전투 중에 포로로 잡힌 경우 48%였다. 김 교수팀은 2015년에도 해고자들의 건강상태를 심층적으로 살피는 연구를 했는데, 여기서도 해고자의 건강상태가 공장으로 돌아간 복직자, 다른 자동차공장에 다니는 일반적인 정규직 노동자보다 크게 나쁘다는 사실이 확인됐다.  쌍용차 해고자 중 39.5%가 스스로 건강이 나쁘다고 했는데 이는 복직자(24.2%)의 1.6배, 일반 자동차공장 노동자(2.5%)의 15.8배나 된다. 우울증이나 수면장애, 피로 등 구체적인 증상도 많이 나타났다. 조사 시점을 기준으로 최근 1년간 우울 및 불안장애를 겪은 해고자는 74.8%로 복직자(30.1%)의 2.5배 수준이었다.  일반 정규직의 유병률은 1.5%에 불과했다. 불면증이나 수면장애가 나타난 해고자는 71.8%, 복직자는 49.0%였던 반면 일반 정규직은 2.1% 수준이었다. 최근 1년간 항우울제 등 약물을 복용했다는 해고자는 22.1%, 복직자는 그 절반인 10.8%였다.  경제적 상태도 크게 나빠졌다. 해고 첫해인 2009년에는 52%가, 두번째 해인 2010년에는 26.7%가 건강보험료를 미납했다. 해고 전인 2008년에는 연소득 2000만원 미만이 3.8%였지만, 해고 직후인 2009년에는 94.2%까지 치솟았다. 이 비율은 조금씩 줄어들기는 했지만 5년이 지난 2014년까지도 69.2% 수준에 머물렀다.  김 교수팀은 이번 연구에서 2016년 이후 복직한 노동자들과 아직까지 복직하지 못한 해고자 120명의 건강상태 변화를 추적·관찰할 예정이다. 김 교수는 “후속 연구는 해고자가 복직하면 건강상태가 어떻게 변하고, 상처가 어떻게 아물어지는지를 살펴보는 내용으로 하고 싶었는데 또다시 해고자와 복직자의 건강상태 차이를 관찰하게 됐다”고 말했다. 쌍용차 노사는 2015년 ‘2017년 상반기까지 해고자 전원 복직을 위해 노력한다’고 합의했지만 아직까지 45명만 돌아갔을 뿐 120여명이 공장 밖에 남은 상태로 싸우고 있다.  연구진은 2009년 파업 당시 사회적 문제가 됐던 경찰특공대의 과잉진압, 해고자들이 대한문 앞에서 농성을 하는 과정에서 일어난 경찰의 인권침해, 파업 참가자에 대한 DNA 추출 등 국가폭력 문제도 조명할 예정이다. 김정욱 금속노조 쌍용차지부 사무국장은 “시간이 흐르면서 노동자들이 그간 꺼내지 못했던 아픔을 토해낼 준비가 된 것 같다”고 말했다. 경찰과 사측이 낸 손해배상과 가압류 소송이 노동자들의 건강에 끼친 영향도 처음으로 살피기로 했다. 김 교수는 “손배 가압류로 인한 스트레스를 측정할 수 있는 방법에 대해 고민하고 있다”고 말했다. <남지원 기자 somnia@kyunghyang.com>
society	[간추린 단신] '논문에 자녀 끼워 넣기' 56건 추가 적발 외		교육부가 지난 10년간 4년제 대학 교수가 발표한 논문을 조사한 결과, 미성년 자녀를 공저자로 끼워 넣은 사례가 56건 추가로 적발됐습니다.  해당 교수는 20개 대학에서 36명으로, 교육계에서는 이같은 행위가 교수 자녀의 대학 입시용 경력 쌓기에 악용될 가능성이 큰 것으로 보고 있습니다.  이화여대, ‘성희롱’ 예술대 교수 파면 추진 이화여대는 학내 미투 사안을 조사한 결과 조형예술대 K 교수의 성희롱 의혹을 사실로 확인하고 해당 교수에 대한 파면을 추진하기로 했습니다.  이대는 성추행 의혹이 제기된 음대 교수에 대해선 조사가 진행중이라고 밝혔습니다.  “기상청 상사 금품수수 강요”…경찰 내사 서울 동작경찰서는 최근 기상청의 내부 익명게시판에 상사가 기상청 사업을 수주한 업자로부터 공사비의 20%를 받아오라고 지시했다는 글이 올라와 내사에 착수했습니다.  해당 글을 올린 직원은 상사의 지시를 거부하자 인사평가에서 최저등급을 받았다고 주장했습니다. KBS
society	사고도 없는데 보험금 지급..보험사기 부르는 보험사		[앵커] 교통사고가 난 것처럼 속여서, 수억 원의 보험금을 타낸 사기 사건이 잇따르고 있는데요. 보험사들이 사고 증거도 확인하지 않고 보험금을 지급하는 등 관리를 부실하게 해서 일을 키우고 있다고 합니다.  이화진 기자의 보도입니다.  [리포트] 은행에서 남성들이 돈뭉치를 주고 받습니다. 이 돈은 허위 교통사고 보험금. 교통사고를 거짓으로 신고해 보험사로부터 받은 보상금입니다. [○○보험사 콜센터/음성변조 : "사고 접수 좀 하려고요. 오늘 날짜고요 조금 전에 한시 쯤에 그랬어요. (바로 접수 진행해드리겠습니다.)"] 이들이 타낸 보험금은 이른바 '조기 합의금'입니다. 단순한 사고는 보험사 직원이 현장에 출동하지 않고 가해자와 피해자가 조기에 합의하면 신속히 보험금을 지급하는 점을 악용했습니다. 실제 40여 명이 가담한 이 사기단은 이같은 수법으로 지난 2016년 말부터 여덟달 동안 2억여 원을 챙겼습니다. 원칙상 보험사는 사고 증거를 제출받거나, 현장을 찾아 확인한 뒤 보험금을 지급해야 하지만 제대로 지켜지지 않고 있습니다. [○○보험회사 관계자(음성변조) : "현장합의라는게 있습니다 경미사고 같은 경우는. 불편함을 최소화하기 위해서 현장 합의하고. (현장 확인은)요청이 있으면 하게되는겁니다."] 지난해 상반기 기준 자동차 보험사기 규모는 연간 천5백억 원대! 사고 사실도 확인하지 않고 보험금을 지급하는 허술한 관행이 보험사기를 부추기고 있습니다. KBS 뉴스 이화진입니다. 이화진기자 (hosky@kbs.co.kr)
society	[클로징] "'봄이 온다' 전체 영상, 내일 보내드리겠습니다"		SBS는 역사적 평양 공연 봄이 온다의 전체 영상을 내일(5일) 저녁 8시부터 보내드립니다. 그래서 내일 뉴스는 저녁 7시에 찾아뵙겠습니다. 고맙습니다.
society	대기업 의류업체도 '라벨갈이'		[경향신문] ㆍ중국산을 국산으로 둔갑…올 들어 6명 형사 입건    국내 유명 의류업체가 라벨만 바꿔 국산으로 둔갑시킨 중국산 옷을 버젓이 유통해온 것으로 확인됐다. 서울시 민생사법경찰단은 중국산 의류를 들여온 뒤 라벨만 바꿔 국산으로 속이는 ‘라벨갈이’(사진)를 집중 단속해 올 초부터 현재까지 6명을 형사 입건했다고 4일 밝혔다. 서울시가 라벨갈이 사실을 적발해 압수한 의류 중에는 대기업 계열사인 ㄱ물산에서 만든 브랜드 의류도 포함돼 있었다. 또 적발된 업체 중에는 ‘저희 가게는 원산지 라벨갈이를 하지 않습니다’라는 문구를 출입구에 붙여놓은 곳도 있었다. 서울 동대문시장과 종로구 창신동 일대에서 주로 이뤄지는 라벨갈이는 ‘MADE IN CHINA’라고 쓰인 라벨을 ‘제조국명 : 대한민국’이나 ‘MADE IN KOREA’로 바꿔치기한다. 이를 통해 중국산 저가 의류가 국산으로 둔갑해 소비자 판매가격이 최소 3~5배 이상 큰 폭으로 뛴다. 압수한 중국산 의류에 부착된 라벨은 손쉽게 떼어낼 수 있도록 한 땀 박음질인 ‘홀치기’로 붙어 있어 처음부터 라벨갈이가 쉬운 형태로 수입됐다. 서울시는 “최근 원산지 변경 라벨갈이가 소량 단위로 이뤄지기 때문에 대규모 적발이나 원천적인 방지가 쉽지 않다”며 “라벨갈이 근절을 위해서는 시민의 제보가 절실한 상황”이라고 말했다. <이진주 기자 jinju@kyunghyang.com>
society	<뉴스G> 선물 없는 생일파티		[EBS 뉴스G] 아이들이 생일을 기다리는 이유, 친구들에게 받을 선물 때문이기도 하죠. 그런데, 해외에선 선물을 주지도 받지도 않는 생일파티가 부모들에게 환영받고 있습니다. 선물 없는 생일파티가 유행하는 이유, 뉴스G에서 소개해드립니다.   [리포트] 어린이들의 생일파티에서 만약 '선물'이 빠지면 무슨 일이 벌어질까요?  선물을 거절하는 생일파티가 부모들의 환영을 받고 있습니다. 선물 없는 생일파티의 이름은 '파이버 파티'-  파티에 초대된 아이들은, 선물상자 대신 현금 '5달러'가 든 봉투를 가져옵니다.  즉, 생일선물로 돈을 받는 건데요.  간호사이자 세 아이의 엄마인 캐나다 블로거, 사라 슐츠씨- 그는 자녀 친구들의 생일선물을 하나를 사는데 평균 25 캐나다 달러를 지출해왔었는데요. 선물로 '5달러'만 준비하면 되는 '파이버 파티'는 부모와 자녀 모두에게 좋은 아이디어라고 소개합니다.  부모들은, 선물을 고르는 스트레스와 선물 구매 비용을 크게 줄일 수 있고 선물 포장 쓰레기도 사라지기 때문에 환경에도 좋습니다.  아이들은 선물로 받은 돈을 어떻게 써야 할지 스스로 결정할 수 있을 뿐만 아니라, 선물 받은 돈을 모아, 꼭 갖고 싶었던 물건 하나를 살 수도 있죠. 이 아이처럼 말이죠.  “최신 유행을 시작하세요! 블레이크의 생일파티에선 선물 대신, 5달러 2장씩을 받았어요. 5달러 하나는 블레이크를 위한 것, 또 하나의 5달러는 기부했답니다.” 선물로 받은 돈 절반은 자신이 쓰고, 나머지 절반은 기부를 하는 50/50파티, 즉 반/반 파티도 있습니다.  평범한 생일은, 초대된 모든 아이들이 함께 기부하는 특별한 하루가 되죠.  어린이들의 생일 파티에 빠져서는 안 될 거라고 여겨졌던 선물-  그러나 선물이 빠진 생일파티는, 일회성 선물 대신, 두고두고 오래 기억되는 선물을 남기고 있습니다.
society	심쿵심쿵 벚꽃길, 사뿐사뿐 걸어요		[경향신문] ㆍ봄바람·꽃바람·축제바람 전국을 휘감다               4일 경북 경주 보문관광단지를 찾은 관광객들이 보문호 주변 벚꽃길을 따라 산책하고 있다. 경북관광개발공사 제공             ‘봄의 전령사’ 벚꽃이 이른 더위에 꽃망울을 일찍 터뜨렸다. 시민과 관광객들을 위한 벚꽃축제도 전국 곳곳에서 열린다. “봄바람 휘날리며~ 흩날리는 벚꽃 잎이~ 울려 퍼질 이 거리를~~ 둘이 걸어요.”  서울 여의도에서는 오는 7일부터 12일까지 벚꽃축제가 열린다. 서울시는 벚꽃 관람객이 대거 몰릴 것으로 예상되는 6일과 7일 여의도 일대를 오가는 버스 막차를 오전 1시20분(차고지 방향)까지 연장 운행한다고 4일 밝혔다. 연장 운행하는 시내버스는 463·153·260번 등 모두 28개 노선이다. 지하철은 막차 연장이 없지만, 이번 주말 9호선 운행 횟수를 하루 72회로 늘린다. 여의도·여의나루역을 경유하는 지하철 5호선도 상황에 따라 운행 횟수를 늘릴 계획이다. 국회 뒤편 여의서로(1.7㎞)와 서강대교 주차장 입구 둔치도로~여의하류IC 1.5㎞ 구간은 축제기간 내내 24시간 차량이 통제된다. 의원회관 진입로에서 여의2교 북단 340m 구간과 국회 북문~둔치 주차장 80m 구간은 주말에만 차량 통행이 제한된다. 서울시는 주말인 8일 오후 2~7시 교통혼잡이 가장 심할 것으로 예상돼 이 시간대를 피하면 더 여유롭게 봄꽃을 감상할 수 있다고 밝혔다. 경기도는 도청사에서 오는 13일부터 15일까지 ‘2018 경기도청 벚꽃축제·낭만산책’ 행사를 연다. 도청의 정문·후문·잔디운동장 등 청사 안팎에 6개의 무대를 마련해 팝송·K팝 등 버스킹 공연을 60여차례 연다. 차량을 타고 오는 관람객들은 수원초등·수원시민회관·매산초등·수원세무서·한국전력·경인지방병무청 등지의 임시 주차장을 이용하면 된다. 신라 천년고도 경주에도 월성·첨성대·대릉원·김유신장군묘·보문관광단지 등 주요 유적과 관광지 주변에 3만5000여그루의 벚꽃이 활짝 폈다. 경주시는 6일부터 15일까지 보문관광단지와 동부사적지 일원에서 벚꽃축제를 연다. 6일 오후 7시 보문관광단지 내 수상공연장에서 열릴 개막식에서는 인기가수와 바이올리니스트·교향악단 축하공연과 불꽃쇼가 펼쳐진다. 첨성대와 교촌 한옥마을에서는 전국 100여개팀이 선보이는 ‘벚꽃 버스킹 공연’이 축제기간 내내 열리고, 마술·풍선아트 등 거리예술도 선보인다. 경주시는 벚꽃이 피는 기간 동안 시청 홈페이지의 여행정보 코너인 ‘하하호호 경주’를 통해 이틀 간격으로 변화하는 벚꽃의 개화 상황을 알려준다. <백승목·이명희·최인진 기자 smbaek@kyunghyang.com>
society	<교육현장 속으로> 중도입국청소년의 '한국문화 역사탐방'		[EBS 저녁뉴스] 중도입국청소년에 대해 들어보셨습니까? 대체로 외국 국적의 청소년이 모국에서 태어나 자라다가 중간에 한국에 들어와 정착한 경우를 가리키는데요. 대부분 부모를 따라 들어오는 청소년들이 많다고 합니다. 이들이 한국에서 잘 적응하고 살아가기 위해선 맞춤 교육이 필요할 텐데요. 중도입국청소년을 위한 교육 프로그램, <교육현장 속으로>에서 확인해보시죠.   [리포트] 지난 달, 서울의 한 박물관에 특별한 관람객들이 방문했습니다.  호기심 가득한 눈으로 박물관을 둘러보고 있는 이들은 모두 중도입국 청소년들인데요.  서울온드림교육센터가 중도입국 청소년들을 대상으로 진행하는 ‘한국문화 역사탐방’ 프로그램의 일환으로 이날은 화폐박물관을 견학하게 되었습니다.   인터뷰: 김수영 센터장 / 서울온드림교육센터 "이 친구들이 한국 사회에 잘 이해하고 적응할 수 있는 다양한 프로그램을 고민하다가 보통은 교재 같은 데서 한국의 역사나 문화 같은 걸 많이 가르쳐주는데, 사실은 직접 체험해보지 못하고 눈으로 직접 보지 못하니까 잘 모르더라고요. 그래서 직접 아이들이 가서 체험해보고 눈으로 보면 한국에 대해서 어느 정도 이해할 수 있지 않을까 싶어서 (프로그램을) 시작하게 됐어요."  중도입국청소년이란 국제결혼가정 자녀 중 부모의 본국에서 살다가 학령기에 재입국한 경우, 혹은 외국인 근로자가 우리나라에서 살다가 본국에 있는 자녀를 데려오는 경우 등을 가리키는데요. 일반 다문화가정의 아이들은 한국에서 태어나고 자라지만, 이들은 외국에서 오기 때문에 한국에 대한 지식이 거의 없는 경우가 많습니다.  낯선 환경에 잘 적응하기 위해선 무엇보다 언어를 익히고 역사와 문화를 이해하는 게 중요한데요.  한 달에 한 번, 우리나라의 역사를 되새겨볼 수 있는 곳들을 방문하며 조금씩 한국과 가까워지고 있습니다.   인터뷰: 알폰스 / 중도입국청소년 "전에 어떤 것에 참여했는지 기억나요?" "강화도 간 거요. 친구랑 재미있게 놀았고 많이 친해 졌고 재미있었어요." "활 쏘는 거 했어요?" "네, (강화도에서) 활 쏘는 거 했어요." "어렵지는 않았어요?" "좀 어렵지만 재미있었어요."  많은 곳을 방문하고 사람들을 만나면서 우리나라의 역사와 문화를 알아가는 아이들.   인터뷰: 김수영 센터장 / 서울온드림교육센터 "아이들이 한국문화 역사탐방 자체를 공부하러 간다, 아니면 배우러 간다 이렇게 인식하진 않아요. 왜냐하면 교실을 벗어나서 센터를 벗어나서 놀러간다, 이런 식으로 사고를 하기 때문에 저는 오히려 그게 낫다고 생각하거든요. 그런데 이제 아이들이 점점 가다 보면 '어, 우리나라하고 달라요. 우리하고 차이가 있어요' 이런 걸 점점 알게 되더라고요."  우리나라에 와서 새로운 삶을 살아가고 있는 아이들, 역사적 현장을 직접 둘러보면서 한국에 대한 이해를 키워가는 중입니다.   인터뷰: 김혜림 / 중도입국청소년 "한국 공기가 더 깨끗해요. 그리고 사람들이 너무 친절해요. 좋아요."   인터뷰: 알폰스 / 중도입국청소년 "한국에서는 같은 나이만 친구가 될 수 있잖아요. 하지만 필리핀에서는 어느 나이나 친구가 될 수 있어요. 그게 제일 다른 점이라고 생각해요, 한국 문화에서."   인터뷰: 허량 / 중도입국청소년 "여기 오면 재미도 있고, 한국 문화도 배울 수 있고 같이 놀 수도 있어서 좋습니다."
society	박민우 역전 투런포..NC, 이틀 연속 홈런으로 사자 사냥		NC 박민우 (창원=연합뉴스) 김동민 기자 = 25일 경남 창원시 마산회원구 마산야구장에서 열린 2018 프로야구 LG 트윈스와 NC 다이노스 경기. 5회 말 NC 박민우가 타격하고 있다. 2018.3.25 image@yna.co.kr                           NC 선발 이재학 (창원=연합뉴스) 김동민 기자 = 29일 경남 창원시 마산회원구 마산야구장에서 열린 2018 KBO 프로야구 한화 이글스와 NC 다이노스 경기. 1회 초 NC 선발 이재학이 역투하고 있다. 2018.3.29 image@yna.co.kr             (서울=연합뉴스) 장현구 기자 = NC 다이노스가 이틀 연속 홈런으로 삼성 라이온즈를 잡았다. NC는 4일 경남 창원 마산구장에서 열린 2018 신한은행 마이카 KBO리그 삼성과의 홈 경기에서 박민우의 역전 결승 투런포와 김성욱의 쐐기 솔로포, 선발 투수 이재학의 역투를 앞세워 4-1로 이겼다. NC는 8승 2패로 선두를 지켰다.  삼성의 영건 양창섭에게 4⅓이닝 동안 무득점으로 묶인 NC가 5회 경기를 뒤집었다. 0-1로 뒤진 5회 1사 후 정범모가 좌중월 2루타로 포문을 열자 박민우가 양창섭의 슬라이더를 잡아당겨 우측 펜스를 총알처럼 넘어가는 2점 홈런(시즌 1호)을 터뜨렸다. 2-1 살얼음 리드에서 8회초 구원 정수민이 2사 1, 2루 실점 위기를 넘기자 NC 타자들이 공수교대 후 힘을 냈다. 전날 연장 10회 끝내기 홈런으로 승리를 안긴 김성욱이 또 좌월 솔로 아치로 점수를 3-1로 벌렸다. 곧이어 나성범이 좌중월 2루타를 날렸고, 재비어 스크럭스가 중전 적시타로 쐐기를 박았다. 8회 구원 등판한 삼성 권오준은 2실점 하고 고개를 숙였다. 양창섭은 5이닝 2실점으로 잘 던졌지만 타선 지원을 못 받아 시즌 첫 패배(1승)를 안았다. NC 선발 이재학은 7이닝 동안 120개를 던져 삼진 6개를 뽑아내고 1점으로 버텨 승리의 디딤돌을 놓았다. cany9900@yna.co.kr
society	미세먼지 마스크는 'KF80' 이상..올바른 선택과 착용법은?		[앵커] 미세먼지가 심한 날이면 마스크부터 찾는 분들 많을텐데요.  어떤 마스크를 어떻게 착용하느냐에 따라서 효과가 크게 달라집니다.  이현준 기자가 마스크별로 미세먼지 차단효과를 실험해봤습니다.  [리포트] 미세먼지를 막기 위해 마스크로 얼굴을 가린 시민들, 쓰고 있는 마스크의 모양도, 가격도 각양각색입니다. [강현성/서울 영등포구 : "저렴한 걸 찾고요. 그다음에 색상이나 디자인 보고 마지막으로는 편한 거 얇거나 너무 두껍지 않은 걸로..."] [문주영/서울 용산구 : "기능이 비슷비슷하고 생각해서 학생이다 보니까 가격이 좀 저렴한 걸로 찾게 되는 것 같아요."] 마스크마다 효과는 얼마나 다를까?  'KF94' 보건용 마스크에 농도가 30인 분진 입자를 주입하자, 필터를 통과한 입자 농도가 '0.83'을 가리킵니다. 분진 입자가 95% 이상 걸러졌다는 의미입니다. 반면 일반 면마스크는 차단 성능이 불과 46%, 미세먼지를 채 절반도 막아주지 못했습니다. 'KF80'은 86% 이상, 'KF99'는 99% 이상 차단되는 등 KF 뒤에 붙은 숫자가 클수록 성능이 높아집니다. 현미경으로 봐도 KF80 이상 마스크는 정전기 필터에 미세먼지가 달라붙어 있지만 면 마스크는 찾아볼 수 없습니다. [황인숙/서울시보건환경연구원 의약품분석팀장 : "KF표시 80 이상의 의약외품 마스크를 착용하시면 좋겠습니다. 세척 후에는 (차단율이) 22.8%나 떨어졌습니다."] 올바른 착용법도 중요합니다. 철심이 있는 부위를 코에 밀착시키고, 마스크의 끈을 머리 뒤로 당겨 쓰는 게 좋습니다.  특히 어린이나 여성은 얼굴 크기에 맞는 마스크를 고르는 것이 차단 효과를 높일 수 있습니다. KBS 뉴스 이현준입니다. 이현준기자 (hjni14@kbs.co.kr)
society	드디어 함께 터진 박병호-초이스..고척 홈런 공장 가동 시작	박병호, 티라노 타법으로 포크볼 공략해 시즌 4호포초이스는 뒤늦게 시즌 마수걸이 홈런	2안타 1볼넷에 득점까지 (서울=연합뉴스) 서명곤 기자 = 27일 오후 서울 구로구 고척 스카이돔에서 열린 2018 신한은행 마이카 KBO리그 LG 트윈스와 넥센 히어로즈의 경기 6회말 1사 만루, 넥센 김민성의 3루수 땅볼 때 3루수 실책을 틈타 홈을 밟은 박병호가 하이파이브를 하고 있다. 2018.3.27 seephoto@yna.co.kr             (서울=연합뉴스) 이대호 기자 = "둘이 합쳐 시즌 100홈런." 장정석 넥센 히어로즈 감독이 말한 박병호와 마이클 초이스의 2018시즌 홈런 합계는 달성 여부에 따라 팀의 성적을 좌우할 숫자다. 현실적으로 두 선수가 각각 홈런 50개를 치는 건 쉽지 않지만, 목표치에 가까워질수록 넥센은 과거의 '홈런 군단'으로 회귀할 가능성이 커진다. 4일 서울 고척 스카이돔에서 열린 kt wiz전에서는 정규시즌 10경기 만에 박병호와 초이스의 동반 홈런이 터졌다. 박병호는 1회말 류희운의 포크볼을 때려 2점 홈런을, 초이스는 4회말 류희운의 직구를 공략해 솔로포를 각각 때렸다. 박병호의 홈런은 그를 상징하는 타격인 '티라노 타법'으로 나왔다는 점이 돋보였다. 볼카운트 1볼 2스트라이크로 몰린 상황에서 박병호는 류희운의 포크볼이 몸쪽으로 파고들자 배트를 몸쪽으로 바짝 붙인 채 왼손 팔로 스윙만으로 타구를 관중석으로 보냈다. 시즌 4호 홈런으로 홈런왕 경쟁에 본격적으로 뛰어든 박병호다. 경기 후 박병호는 "실투를 운 좋게 넘겼다. 초반 점수를 내는 홈런을 쳤다는 데 만족한다"고 말했다. KBO리그에 순조롭게 복귀한 박병호와 달리, 초이스는 시즌 초 부진을 면치 못했다. 지난 시즌 46경기에서 17홈런으로 괴력을 뽐낸 초이스는 이날 경기 전까지 2할대 초반 타율에 홈런 없이 1타점만을 기록했다. 초이스는 솔로포에 볼넷 2개까지 골라내며 부진 탈출에 시동을 걸었다.               솔로 홈런 쳐낸 고종욱 (서울=연합뉴스) 김도훈 기자 = 20일 오후 서울 구로구 고척스카이돔에서 열린 2018 KBO 프로야구 LG 트윈스와 넥센 히어로즈의 시범경기. 4회말 선두타자로 나선 넥센 고종욱이 솔로 홈런을 쳐낸 뒤 더그아웃에서 동료들과 하이파이브를 하고 있다. 2018.3.20 superdoo82@yna.co.kr             초이스는 "시즌 초 부진은 크게 신경 안 썼다. 잘 될 것이라 생각하고 루틴을 지켰다"며 "오늘 홈런이 나와 속이 후련하다. 이제 시작이다. 어느 타순이든 박병호와 붙어 있으니 도움이 된다"고 했다. 값진 홈런을 터트린 건 이들 둘만이 아니다. 이정후는 1회말 개인 첫 선두타자 홈런을 날려 지난해 4월 8일 잠실 두산 베어스전 이후 361일 만에 손맛을 봤다. 지난 시즌 신인상을 받은 이정후는 장타력 장착을 올해 목표로 삼았다. 겨울 동안 손가락을 다치면서 훈련에 잠시 차질을 빚기도 했지만, 이날 홈런으로 중거리 타자 변신에 시동을 걸었다. 고종욱의 한 경기 2홈런도 넥센에는 큰 호재다. 이날 2번 타자 좌익수로 선발 출전한 고종욱은 5회와 8회 각각 솔로포를 날려 데뷔 후 처음으로 한 경기 2홈런을 기록했다. 원래 펀치력이 있는 고종욱까지 홈런 대열에 합류하면 넥센 타선은 상대 투수에게 피해갈 곳이 없는 지뢰밭이 된다. 경기 후 박병호는 "실투를 운 좋게 넘겼다. 초반 점수를 내는 홈런을 쳤다는 데 만족한다"고 말했다. 4bun@yna.co.kr
society	<교육현장 속으로> 사육사가 들려주는 꽃사슴 이야기		[EBS 저녁뉴스] 유난히 추웠던 겨울 뒤에 맞이한 봄이 더욱 반가운 요즘인데요. 봄을 맞아 아이들을 위한 여러 가지 생태 체험 프로그램을 준비한 공원도 많습니다. <교육 현장 속으로>에서 그 중 한 곳을 찾았는데요. 동물원이 아닌 숲에서 사육사와 함께 동물의 생태에 대해 배울 수 있는 곳, 함께 만나보시죠.  [리포트] 봄빛이 완연한 3월의 봄날. 푸른 기운을 잔뜩 머금은 숲은 봄을 만끽하기에 더없이 좋은 장소인데요. 어린이 손님들이 겨우내 웅크렸던 동물과 식물들이 기지개를 켜는 봄날의 숲을 찾았습니다. 아이들을 반긴 곳은 서울 성동구의 서울숲 공원. 봄을 알리는 풍경들이 먼저 아이들을 맞아주는데요. 오늘 이곳에서는 사육사와 함께 동물의 생태에 대해 배우는 체험프로그램이 진행될 예정입니다.  인터뷰: 최미선 사육사 / 서울숲공원 “도심에서는 꽃사슴을 직접 보거나 체험해볼 수 있는 기회가 흔치 않기 때문에 서울숲 공원에 오시면 꽃사슴도 직접 보고 여러 가지 생태에 대한 이야기도 들으실 수 있고요. 동물에 대한, 동물을 보호해야 한다는 마음도 가질 수 있고요. 그리고 동물 질병에 대한 설명도 들으면서 경각심을 가질 수 있게 되고요.”  제일 먼저 아이들의 눈길을 사로잡은 것은 귀여운 토끼들인데요. 토끼보다 더 귀여운 아이들이 사육사 선생님의 설명을 들으며 함께 눈을 맞춰보고, 조심스럽게 먹이도 건네 봅니다. 드디어 기다리고 기다리던 꽃사슴을 만나는 시간. 커다란 눈망울에 점박이 옷을 입은 꽃사슴이 내 손으로 건네준 먹이를 맛있게 먹는 모습이 마냥 신기한데요.  인터뷰: 박정연 / 청정원 어린이집 “사슴한테 먹이를 주니까 느낌이 끈적끈적하고 부드러워요.”   인터뷰: 정주아 / 청정원 어린이집 “사슴이 몰려와서 무서웠지만 (먹이 주는 것에) 도전해보니까 안 무서웠어요.”   이렇게 가까이서 꽃사슴을 만나보는 건 처음. 사육사 선생님에게 질문도 하고, 새로운 모습도 직접 관찰하며 꽃사슴과 특별한 친구가 된 기분입니다.  인터뷰: 김수현 / 청정원 어린이집 “멀리서 볼 때는 눈동자가 다 검은색인 것 같았는데, 가까이서 보니까 끝이 갈색으로 동그랗게 되어 있었어요.”   인터뷰: 최임성 교사 / 청정원 어린이집 “아이들이 처음에는 조금 만지기 무서워하기도 했는데, 직접 만져본 후에는 촉감에 대해서도 말해주고 사슴 코가 부드럽고 말랑하다고 표현을 하더라고요. 그런 건 쉽게 평소에는 접할 수 없는데...”  오늘의 경험을 통해 동물들의 생태를 자연스럽게 이해하고 존중하는 것이 동물 사랑의 첫걸음이라는 것을, 우리 아이들도 알게 되었겠죠?
society	ACL 16강 진출 울산 김도훈 "오늘 2실점도 아쉽다"	울산 오르샤-주니오 멀티골 멜버른전 대승..16강행	4일 울산 문수월드컵경기장에서 열린 아시아축구연맹 챔피언스리그(ACL) 조별리그 5차전 울산현대와 멜버른 빅토리의 경기 후반 울산 주니오가 골을 성공시키고 김승준과 함께 기뻐하고 있다. 2018.4.4/뉴스1 © News1 이윤기 기자             (울산=뉴스1) 이윤기 기자 = 아시아축구연맹 챔피언스리그(ACL) 조별리그에서 울산이 무려 6골을 몰아치며 멜버른을 잡고 상하이 상강에 이어 단독 2위(2승2무1패)로 올라섰다. 울산은 4일 문수월드컵경기장에서 열린 ACL F조 5차전에서 멜버른 빅토리를 맞아 주니오-오르샤의 멀티골과 임종은-김승준의 골로 6대2 대승을 거두며 16강 진출을 확정했다. 김도훈 감독은 경기후 인터뷰에서 "오늘 2실점도 아쉽다"며 "우리 선수들 모두 최선을 다해줘서 고맙다"고 밝혔다. 그러면서 "이번 시즌 스스로 얻게 된 ACL 본선 티켓에 16강 진출은 선수들 서로 합심해서 얻은 결과"라며 "이번 경기처럼 잘 준비해서 리그에서도 좋은 결과 얻을 수 있도록 노력하겠다"고 말했다.  이날 경기 선발 명단에는 포항전에서 첫 득점포를 기록한 주니오가 최전방 공격수에 배치됐다.                4일 울산 문수월드컵경기장에서 열린 아시아축구연맹 챔피언스리그(ACL) 조별리그 5차전 울산현대와 멜버른 빅토리의 경기 후반 울산 김승준이 골을 성공시키자 김도훈 감독이 기뻐하고 있다. 2018.4.4/뉴스1 © News1 이윤기 기자             박주호 황일수 오르샤 리차드 김승준이 허리를 맡고 포백 수비에는 이명재 임종운 강민수 김창수가, 골문은 오승훈이 지켰다.  멜버른전 대승으로 울산은 이달 18일 가와사키 프론탈레 원정 경기 결과와 상관없이 ACL 16강 진출이 결정되면서 주말 리그 경기에도 부담감을 덜게 됐다. 이날 6골을 몰아치며 ACL에서 13득점을 올린 울산은 리그에서는 단 한 골만을 기록하며 4연패 늪에 빠져있다. 울산은 오는 8일 문수월드컵경기장 홈경기에서 강원을 상대로 리그 첫승 도전에 나선다. bynaeil@news1.kr
society	[정유미 기자의 대사와의 만찬](2)"캐나다 와인은 청정자연의 정수..메이플시럽만 뿌리면 캐나다 스타일"		[경향신문] ㆍ에릭 월시 캐나다 대사가 추천하는 캐나디안 와인과 메이플시럽 티라미수               캐나다는 3000m급 산들이 웅장하게 솟은 로키 산맥과 나이아가라 폭포, 단풍나무숲 등 자연이 아름다운 나라다. 월시 주한 캐나다 대사가 캐나다의 자연을 머금은 와인을 직접 가져와 소개하고 있다.                        캐나다는 이민자의 나라다. 세계 각국의 사람들이 모여 산다. 당연히 세계 각국의 음식이 모여든다. 이민자의 나라가 대개 그렇듯이 이민자의 고향 음식이 현지화하는 과정에서 미묘한 변화를 겪게 된다. 토양도, 재료도, 기후도 다르기 때문이다. 캐나다 음식은 천혜의 자연에서 자라난 캐나다 식재료와 이민자들의 요리문화가 접목하는 과정에서 발전해왔다. 따라서 캐나다 음식은 때로는 이탈리아 스타일로, 때로는 중국 스타일로 요리될 수 있지만 캐나다산 재료의 풍미도 느낄 수 있고, 다국적 음식문화가 섞이면서 새로운 맛을 창출해낼 수 있다.                         메이플시럽을 넣은 티라미수             에릭 월시 주한 캐나다 대사(47)가 소개한 음식은 스테이크, 랍스타 리조토, 메이플시럽 티라미수, 캐나다산 와인이다. 대사를 만난 식당은 이탈리아계 캐나다인 스타 셰프 소르티노가 운영하는 서울 강남 청담동의 ‘Terra13’이다.     “캐나다는 3000m급 산들이 어깨를 맞댄 로키산맥과 광활한 대평원, 단풍나무 숲으로 뒤덮인 구릉지 등 천혜의 자연을 간직한 나라입니다. 캐나다산 와인은 청정 자연의 맛을 음미할 수 있는 최고의 음식이지요.”               우유만 먹고 자란 어린 송아지 스테이크             월시 대사는 “캐나다 음식으로 스테이크와 리조토를 추천하는 것은 와인과 잘 어울린다고 생각했기 때문”이라고 말했다. 사실 캐나다는 질 좋은 쇠고기가 많이 나는 곳이다. 와인 하면 프랑스와 이탈리아를 먼저 떠올리지만 월시 대사는 “한국에서 다섯 손가락 안에 드는 인기 와인이 캐나다산”이라며 직접 준비해온 레드와 화이트 와인을 잔에 따라주었다. 먼저 캐나다 동부 나이아가라산 케이브 스프링 리즐링 화이트 와인을 한 모금 마셨다. 목넘김이 부드러웠다. 또 다른 잔에 담긴 브리티시컬럼비아 오카나간 밸리에서 생산된 오소유스 레드 와인도 맛보았다. 향이 풍부했다. 와인 잔을 입술에 가져다 댈 때마다 식욕이 당겼다. “캐나다의 음식문화는 따로 없습니다. 세계 각국의 음식문화가 다양하게 어우러져 있지요. 맛있는 음식을 좋아하는 사람들과 편안하게 즐기면 됩니다.”               담백하고 고소한 랍스터 리조토             메인 요리는 캐나다산 어린 송아지 스테이크였다. 그릴에 잘 구워진 고기에 옅은 갈색 소스를 얹은 스테이크는 보기에도 먹음직스러웠다. 분홍빛이 살짝 감도는 스테이크는 수준급이었다. 와인과 잘 어울렸다. 감탄사가 절로 나왔다. 이날 셰프는 캐나다산 랍스터를 노량진수산시장에서 사왔다고 했다. 리조토용 쌀은 이탈리아산이다. 한국 쌀과 달리 차지지 않아 약간 딱딱하게 느껴질 수 있지만 고소한 미감이 있다. 셰프는 약간 딱딱한 느낌이 드는 알단테 방식으로 요리했단다. 고춧가루에 레몬주스 등을 넣어 직접 소스를 개발했다는데 매콤했다. 입맛을 돋우기 충분했다.  월시 대사는 “그 지역에서 나오는 신선한 재료를 이용해 세계 최고의 셰프들이 요리를 하는 게 캐나다식”이라며 “점심에는 이탈리아 요리를 먹을 수 있고, 저녁에는 제대로 된 프랑스식 요리를 먹을 수 있는 게 캐나다 스타일”이라고 했다.  캐나다에 연수 갔던 때가 떠올랐다. 캐나다는 도시마다 세계 각국의 음식점이 수십개 늘어서 있다. 식재료는 똑같아도 집집마다 전혀 다른 음식을 내놓는다. 스페인, 일본, 중국, 필리핀, 미국인 친구들과 그들 나라 음식을 경험했을 때 진한 맛이란 잊지 못할 추억이다. 식문화도 물론 다르다. 토론토 버스 안에서 한 젊은 청년은 햄버거와 감자튀김을 꺼내더니 남들 시선을 아랑곳하지 않고 한끼를 해결했다. 지하철에서는 컵라면을 국물까지 후루룩 들이켜는 사람도 있었다. 대학교수가 진지하게 수업을 진행하는데도 학생들은 도시락으로 싸온 샌드위치를 꺼내 먹었다.     월시 대사에게 “식사는 때와 장소를 가리는 것이 예의 아니냐”고 물었다. “캐나다 사람들은 각자의 방식대로 식사합니다. 한국인들은 점심, 저녁을 먹는 시간이 거의 같고 주로 앉아서 먹지요. 캐나다에서는 시간에 구애 없이 서서, 걸어가면서도 먹어요.” 후식은 캐나다가 자랑하는 메이플시럽을 넣은 티라미수였다. 메이플시럽은 단풍나무 수액으로 만든다. 캐나다 국기에도 단풍나무 잎이 그려져 있다. 월시 대사는 “단풍잎을 보면 캐나다 사람들은 고향을 느낀다”고 했다. 초기 이민자들은 메이플시럽을 먹으며 혹독한 겨울을 견뎠다고 했다. 그래서인가. 티라미수 케이크 위에 새긴 캐나다 국기가 인상적이었다. 월시 대사는 “캐나다 사람들에게 메이플시럽은 자연의 선물”이라며 “봄이 되면 단풍나무에서 진액이 나오는데 끓여서 수분을 증발시켜 메이플시럽을 만든다”고 했다. 한국의 고로쇠물과 비슷하다고 해야 할까. 어떤 음식이건 메이플시럽을 뿌리면 캐나다 스타일이 된다. 월시 대사가 손끝으로 입구 쪽 테이블을 가리켰다. “평창 올림픽 때 아이스하키 팀코리아가 저 자리에서 식사를 했다”며 “캐나다는 아이스하키로도 꽤 유명하다”고 했다. 캐나다에는 필드하키, 농구, 축구, 댄스 등을 배울 수 있는 커뮤니티 문화센터가 동네마다 있다. 대부분 아이스링크를 갖추고 있어 겨울에는 퇴근 후 아빠에게 아이스하키와 스케이트를 배우는 아이들이 많다.  대사와 취재팀은 와인 2병을 말끔히 비웠다. 캐나다인들은 와인과 맥주를 즐겨 마시지만 술은 정해진 주류판매점에서만 판다. 영업시간도 평일 오후 4시까지이고 주말에는 문을 닫는다. 술집은 거의 없고 24시간 편의점도 없다. 월시 대사는 “100년 전 술을 국가적으로 금지했기 때문”이라며 “온타리오 등 지역마다 요즘은 술을 파는 장소와 시간이 조금씩 늘어나고 있다”고 말했다. 월시 대사가 좋아하는 한국 음식은 “남대문시장에서 파는 잡채만두와 호떡, 떡볶이”라고 했다.   밤하늘엔 오로라, 인스타엔 나이아가라 ■ 캐나다는 - 대한민국의 100배, 러시아에 이어 세계에서 2번째로 면적이 넓다. 태평양과 대서양, 북극해와 접해 있으며 3000m급 산들이 어깨를 맞댄 로키산맥과 광활한 대평원, 단풍나무 숲 등 자연이 아름다운 나라다. 세계 각국 이민자들의 나라인 만큼 역사와 문화도 다채롭다. 15세기 이후 유럽인들이 들어와 영국 식민지가 되었다가 1867년 동부 4개 주로 이뤄진 캐나다가 탄생했다. 현재는 10개 주와 북부 3개 준주로 구성돼 있다. 인구는 약 3562만명으로 대표적인 다문화국가다. ■ 한국 내 캐나다식당 - 대사관이 추천한 곳은 4곳이다. 서울 강남구 도산대로 90길 13번지 주소지를 딴 ‘Terra13’(02-546-6809)은 이탈리안 캐나다 음식을 제대로 맛볼 수 있는 곳이다. 가장 잘 나가는 트러플크림파스타는 3만5000원, 직접 만든 소시지를 올린 살시체피자는 3만1000원. ‘필리스펍’(02-793-2548)은 서울 해방촌에 있는 버거 전문점. 인기 메뉴는 필리치즈스테이크와 케이준치킨버거. 요일마다 ‘퀴즈 나이트’ ‘윙 나이트’ ‘양고기 나이트’ 등 다양한 이벤트를 연다. 버거 6500~7500원, 샌드위치 5000~6000원. ‘비어오클락’(02-333-9733)은 서울 신촌에 있다. 찍어먹기 좋게 길쭉하게 자른 캐나다식 피자 갈릭핑거(1만3000원), 연유와 마늘파우더로 만든 도네어소스가 유명하다. 매주 화요일 저녁 윙 나이트 이벤트가 펼쳐진다. ‘커넉스’(02-790-7936)는 서울 이태원의 스포츠 바다. 입구에서부터 캐나다 감성을 제대로 느낄 수 있는데 농구, 축구, 하키 등 다양한 스포츠 경기도 즐길 수 있다. 캐나다 퀘벡 지방의 감자요리인 푸틴이 인기다. 6500원.                           ■ 명소 - 나이아가라 폭포는 캐나다에서 봐야 멋지다. 웅장하게 솟은 로키산맥과 사이사이 다양한 빛깔의 호수들이 빚어내는 조화가 한 폭의 그림 같다. 원주민 언어로 ‘천둥소리를 내는 물기둥’이라는 뜻을 가진 나이아가라 폭포는 1분에 욕조 100만개를 채울 수 있을 만큼 방대한 수량을 자랑한다. 2017년 캐나다의 멋진 풍광으로 인스타그램에서 가장 많이 공유되기도 했다. 캐나다 동부 유럽풍 도시인 퀘벡시티는 드라마 <도깨비> 촬영지로 한국인에게 유명하다. 유네스코 문화유산으로 지정된 성곽으로 둘러싸인 아름다운 도시다. 노스웨스트 준주에 위치한 옐로나이프도 가볼 만하다. 미국 항공우주국(NASA)이 선정한 세계에서 오로라(사진)를 가장 잘 볼 수 있는 곳으로 연 240회 이상 오로라 관측이 가능하다. ■ 캐나다에 가려면 - 한국에서 캐나다 밴쿠버와 토론토까지 대한항공과 에어캐나다가 직항편을 운항 중이다. 인천에서 밴쿠버까지는 9시간30분, 토론토까지는 12시간45분가량 소요된다. 캐나다는 워낙 땅이 넓어 서부와 동부의 시차가 5시간30분이나 된다. 화폐는 캐나다달러가 기본이다. 4계절이 뚜렷하다. 계절별로 대자연을 품을 수 있고 이색 스포츠도 즐길 수 있다.           <글 정유미 기자·사진 박민규 디지털영상팀장>
society	가축분뇨법 둘러싸고 개농장주 vs 동물단체 '맞불 집회'		[앵커] 식용개를 키우는 농장 주인들과 동물단체가 길 하나를 사이에 두고 집회를 열었습니다. 개농장 주인들은 분뇨 시설을 갖추지 않으면 농장 문을 닫게 한 법 개정에 반발했고, 동물단체는 "위생 관리상 당연한 일"이라고 맞받았습니다. 강희연 기자입니다. [기자] [(동물) 단체는 물러가라, 물러가라!] [불법 개농장을 폐쇄하라, 폐쇄하라!] 양쪽 모두 물러설 기미가 없습니다. 반대편 집회가 시작되자 꽹과리를 치며 항의합니다. 도로 하나를 사이에 두고 한쪽은 가축분뇨법 개정을 찬성하는 동물단체, 다른 쪽은 반대를 주장하는 육견협회로 나뉘었습니다. 두 단체 간의 입장 차이는 평행선을 달리고 있습니다. 농장주들은 "정부가 개농장만 차별하고 있다"고 주장했습니다. 앞으로 일정한 분뇨시설을 갖추지 않은 개농장을 폐쇄할 수 있도록 한 데 반발한 것입니다. [김상영/대한육견협회 회장 : 남은 여생을 뭐 먹고살겠습니까. 그런데 개만 안 된다는 악법만 앞다투어 만들고…] 농장주 300여 명이 집회를 열자 동물단체도 맞불을 놨습니다. [박소연/동물단체 케어 대표 : (개농장은) 위생이나 안전관리가 전혀 이루어지지 않고, 합리적인 이유 있는 차별이라고 (생각합니다.)] 농장주들은 집회에 식용견을 데려오려다 취소하기도 했습니다. 헌재에 헌법 소원을 제기한 육견협회는 위헌 인용이 되지 않으면 오는 27일 다시 집회를 열 계획입니다. (화면제공 :동물권단체 케어)
society	'과다 수업료' 서울미술고 감사..자율학교 취소 검토		[EBS 저녁뉴스]  서울시교육청은 일반고 약 3배 수준의 수업료를 받아왔다는 의심을 받는 서울미술고에 대해 특정감사를 진행하고 자율학교 지정취소도 검토하겠다고 밝혔습니다.   서울미술고는 일반고지만 자율학교로 지정돼 수업료를 학교장이 자율적으로 정할 수 있지만, 수업료가 다른 일반고의 3.25배 수준인 연간 472만 원에 달하는데다 수업료의 책정근거도 불분명하다는 지적이 일었습니다. 교육청은 "수업료와 입학금 책정방식이 타당한지와 재정운영의 투명성 여부를 중점적으로 살펴볼 것"이라면서 "이달 말 특정감사 결과가 나오면 자율학교 지정 취소 여부를 검토할 계획"이라고 말했습니다.  이윤녕 기자 (ynlee@ebs.co.kr)
society	기상청 '뇌물 강요' 내부 폭로..경찰 수사 착수		기상청 내부게시판에 '상사가 공사업자로부터 돈을 받아오라고 강요했다'는 내용의 폭로 글이 올라온 것과 관련해 경찰이 수사에 나섰습니다. 서울 동작경찰서는 "게시판에 글을 올린 작성자를 찾기 위해 통신사에 IP 추적을 요청하는 등 본격적인 수사에 들어갔다"고 밝혔습니다. 경찰은 작성자를 상대로 사실관계를 확인한 뒤 관련자들을 불러 조사할 예정입니다. 연합뉴스TV : 02-398-4441(기사문의ㆍ제보) 카톡/라인 jebo23  (끝)
society	부천도시공사 '119이동안전체험교육' 매월 진행		부천도시공사 어린이교통나라. 사진제공=부천도시공사                           부천도시공사 어린이교통나라.             [부천=강근주 기자] 부천도시공사는 어린이 안전의식과 위기상황에 대처하는 능력을 향상시키기 위해 ‘언린이 교통나라 119이동안전체험교육’을 매월 실시하고 있다.  김동호 부천도시공사 사장은 4일 “어린이들의 안전의식을 높이는 것은 안전한 대한민국으로 나아가기 위한 기초가 될 것”이라며 “참여자의 만족도를 더 높이기 위해 지속해서 교육 프로그램을 개선해 안전에 대한 관심을 확대하기 위해 노력하겠다”고 말했다.  부천도시공사에 따르면 119이동안전체험교육은 매월 4일 안전의 날에 부천소방서와 함께 진행하며 교통안전교육, 화재·지진 대피 체험, 소화기분사 등 교육이 포함돼 있다.  교육 대상자인 어린이는 물론 교육단체와 학부모 만족도가 높아 상반기 교육은 예약이 모두 완료된 상태이고, 하반기 교육은 7월 말에 접수를 시작한다.  교육 참여를 원하는 어린이집과 유치원, 초등학교(저학년)는 부천도시공사 홈페이지를 통해 신청하면 된다.  kkjoo0912@fnnews.com 강근주 기자
society	'캠퍼스 미팅 어쩌다어른' 강연하는 조희연		(서울=연합뉴스) 조희연 서울시교육감이 4일 오후 서울 서초구 서울교대에서 열린 '캠퍼스 미팅 어쩌다어른' 강연에서 학생들과 기념촬영하고 있다. 2018.4.4 [서울시교육청 제공=연합뉴스] photo@yna.co.kr
society	못믿을 기상정보.."한해 130회 회항"		[뉴스리뷰] [앵커] 정부는 기업을 상대로 물가상승률을 뛰어넘는 가격인상을 억제하고 있죠.  그런데도 기상청은 항공사를 상대로 부과하는 기상정보 이용료를 85%나 인상을 추진하고 있는데요.  문제는 잘못된 기상정보로 한해 회항만 130건이 넘는다고 합니다.  배삼진 기자의 보도입니다 [기자] 지난 2월 제주공항 폭설로 발생한 항공대란. 당시 기상청이 항공사에 보낸 기상자료에는 20시간 동안 약한 눈이 내린다고 돼 있습니다. 최근 미국 뉴욕 폭설시 미국 기상청이 12시간 전에 발표한 JFK공항 기상 리포트에는 시간대별로 적설량 예측이 가능한 강설 유형이 명시돼 있습니다.  이 때문에 항공사들은 비행기를 띄우지 않았고, 승객들은 공항에 나올 필요가 없었습니다.  반면 제주에서는 당시 5.6cm의 눈이 내려 항공기 104편이 결항되고, 15편이 회항했습니다.  <항공사 관계자> "항공사들이 판단할 수 있도록 구체적인 내용이 담기면 좋은데, 질을 높여 달라고 10년 넘게 요청하는데도 변화가 없습니다." 한국항공협회에 따르면 지난 5년간 기상청이 국내 공항에 제공한 기상정보로 회항한 건수는 640여편. 회항할 경우 항공사에는 편당 수천만원의 손실이 발생하는데, 승객 불편은 물론 사고 가능성까지 따릅니다. <하수동 / 항공대 교수> "법으로 기상청만 정보를 제공하게 돼 있어요. 독점하는 건데, 잘못된 기상정보라도 모든 피해는 항공사가 책임져야 하는…"  이런 상황에도 기상청은 올해 3년치 물가상승률의 10배에 해당하는 85%의 기상정보이용료 인상을 추진하고 있습니다.  기상청은 사용자 부담 원칙에 따라서 국민의 세금부담을 줄이려고 인상을 추진하게 됐다고 설명했습니다.  연합뉴스TV 배삼진입니다. 연합뉴스TV : 02-398-4441(기사문의ㆍ제보) 카톡/라인 jebo23  (끝)
society	'캠퍼스 미팅 어쩌다어른' 강연하는 조희연		(서울=연합뉴스) 조희연 서울시교육감이 4일 오후 서울 서초구 서울교대에서 예비 초등교원들의 역량강화를 위해 교육계 선배로서 다양한 경험과 조언을 들려주는 '캠퍼스 미팅 어쩌다어른' 서울교대 강연을 하고 있다. 2018.4.4 [서울시교육청 제공=연합뉴스] photo@yna.co.kr
society	적시타 하주석		(대전=연합뉴스) 양영석 기자 = 4일 대전 한화생명이글스파크에서 열린 프로야구 한화와 롯데의 경기. 한화 하주석이 7회말 무사 3루에서 1타점 적시타를 날리고 있다. 2018.4.4 youngs@yna.co.kr
society	'채용비리' KB금융지주 임원 구속.."증거인멸 우려"		[연합뉴스 자료 사진]             (서울=연합뉴스) 김예나 기자 = 채용비리 과정에 관여한 혐의를 받는 KB국민은행 인사부장 출신 임원이 4일 검찰에 구속됐다. 지난달 인사팀장이 구속된 데 이어 두 번째다.  서울남부지법 이환승 영장 전담 판사는 이날 KB금융지주 HR 총괄 상무 A(52)씨에 대한 구속 전 피의자 심문(영장실질심사)을 한 뒤 "증거인멸 우려가 있다"며 영장을 발부했다. 2015∼2016년 국민은행 인력지원부장을 지낸 A씨는 부정 채용 전반에 관여하는 등 업무를 방해한 혐의(업무방해·남녀고용평등법 위반)를 받는다.  국민은행은 이른바 'VIP 리스트'를 관리하며 최고경영진의 친인척 등에 특혜를 제공하는 등 채용비리 의혹이 불거져 검찰 수사를 받고 있다. 금융감독원이 확인한 국민은행의 채용비리 의심 사례는 총 3건으로, 특혜 입사가 의심되는 3명에는 윤종규 KB금융지주 회장의 종손녀도 포함돼 있다. 윤 회장의 종손녀는 2015년 신입사원 채용 과정에서 서류 전형 840명 중 813등, 1차 면접 대상자 300명 중 273등이었지만, 2차 면접에서 높은 점수를 받아 120명 중 4등으로 합격한 것으로 전해졌다.  검찰은 2015∼2016년 신입사원 채용 과정에서 은행 측이 남녀 성비를 맞추기 위해 남성 지원자의 서류 전형 점수를 비정상적으로 높여주는 등 부당하게 업무를 처리한 정황을 포착하고 지난달 인사팀장 B씨를 구속해 재판에 넘겼다.  채용 업무를 맡았던 관계자들이 잇따라 구속되면서 국민은행 '윗선'을 향한 검찰 수사도 한층 속도를 낼 것으로 보인다. yes@yna.co.kr
society	달려라 정근우		(대전=연합뉴스) 양영석 기자 = 4일 대전 한화생명이글스파크에서 열린 프로야구 한화와 롯데의 경기. 한화 정근우가 7회말 무사 1루에서 적시 3루타를 치고 베이스를 돌고 있다. 2018.4.4 youngs@yna.co.kr
society	이화여대, '성희롱 의혹 확인' 조형예술대 교수 파면 권고		[EBS 저녁뉴스] 이화여대가 최근 논란이 된 조형예술대 교수의 성희롱 의혹을 사실로 확인하고 파면을 총장에게 권고했습니다.  이화여대는 지난달 말 열린 성희롱심의위원회 회의 결과에 따라 "피신고인이 신고인들에게 지난 2005년부터 2017년까지 행한 행위는 성희롱에 해당한다"면서 "총장에게 피신고인에 대한 징계조치를 권고했다"고 밝혔습니다. 이대 성희롱심의위원회는 "해당 교수와 피해 학생들 사이에 업무 관련성이 인정된다"면서 "피해 학생들을 대상으로 언어적·신체적 성희롱을 장기간에 걸쳐 반복적으로 했다는 점에서 우발적인 일로 볼 수 없고, 적절한 징계가 없으면 또 다른 피해 가능성을 배제할 수 없다"고 판단했습니다.  이윤녕 기자 (ynlee@ebs.co.kr)
society	'입후보 예정자와 산행' 합천 주민 800명 과태료 위기		[앵커] 경남 합천에서 산행을 갔던 주민 800여 명이 1인 당 수십 만원, 많게는 100만원이 넘는 과태료를 내야할 처지에 놓였습니다. 군수 선거 입후보 예정자로부터 교통 편의와 음식물을 제공받았기 때문입니다. 선거 때 유권자가 금품을 받은 사건 가운데 가장 많은 과태료를 내는 사례로 기록될 수도 있습니다. 배승주 기자입니다. [기자] 합천군 황강 체육공원에 관광버스 24대가 길게 늘어서 있습니다. 지난 2월 24일 지역 한 산악회 주최로 회원과 주민 등 800여 명이 산행을 갔습니다. 그런데 선관위는 이 산악회 간부 2명을 공직선거법 위반 혐의로 검찰에 고발했습니다. 이들은 산행에 함께 간 합천군수 입후보 예정자를 인사하게 하고, 지지 발언을 한 혐의를 받고 있습니다. 특히 선관위 조사결과 산악회는 1인당 2만 원의 회비를 거뒀습니다. 하지만 실제로 제공된 교통 편의와 음식은 1인당 5만 2000원이었습니다. 1인 당 3만 2000원의 기부행위가 있었다고 보는 겁니다. 이 때문에 최대 50배인 160만 원이 과태료로 부과될 수 있습니다. [주민 : 산행 가는데 2만원만 내면 된다고(해서) 따라간 거죠. 아무것도 모르고요.] 입후보 예정자는 문제가 불거지자 지난달 불출마 선언을 했습니다. 지난 18대 대선 때 수목원으로 단체 관광을 갔던 충북 옥천 주민 318명 낸 2억 2000만 원이 역대 가장 많은 과태료 액수 입니다. (화면제공 : 경남도선거관리위원회)
society	득점 호잉		(대전=연합뉴스) 양영석 기자 = 4일 대전 한화생명이글스파크에서 열린 프로야구 한화와 롯데의 경기. 한화 호잉이 7회말 정근우가 적시 3루타 때 득점에 성공, 더그아웃으로 들어오고 있다. 2018.4.4 youngs@yna.co.kr
society	달려라 정근우		(대전=연합뉴스) 양영석 기자 = 4일 대전 한화생명이글스파크에서 열린 프로야구 한화와 롯데의 경기. 한화 정근우가 7회말 무사 1루에서 적시 3루타를 치고 베이스를 돌고 있다. 2018.4.4 youngs@yna.co.kr
society	무조건 신분증 제출?..학교보안지침 실효성 논란		[뉴스리뷰] [앵커]  초등학교에서 벌어진 인질극을 계기로 학교 출입보안을 강화해야 한다는 지적이 나오는데요. 당국의 학교 출입 관련 지침은 현실과 거리가 멀다는 비판도 제기됩니다.  황정현 기자입니다. [기자] 지난 2일 방배초등학교에서 인질극을 벌인 25살 양모씨는 정문을 통과할 때 신분증을 제출하지 않았습니다. 학교 측이 비공개로 제시한 CCTV에는 양씨가 별다른 절차 없이 정문을 통과하는 장면이 담겼습니다. 2014년 마련된 교육부의 '학교 출입증 및 출입에 관한 표준 가이드라인'에는 일일 방문자의 경우, 관리대장을 작성한 뒤 신분증을 제출해야 합니다. 정기적으로 방문하는 사람 등을 대상으로 한 일반 출입증은 신분증과 발급신청서, 사진, 개인정보 수집 동의서를 내야 합니다. 하지만 학교 보안관 등은 이 같은 매뉴얼을 지키는 건 사실상 불가능하다고 말합니다. 등하교시 수많은 학부모 등이 한꺼번에 밀려드는 데다 방문객의 신분을 일일이 확인하기에는 인력이 턱없이 부족하다는 이유에서입니다. <A학교 보안관 / 5년차> "거부반응을 보이고 어떤 때는 상당히 싫어했죠. 그런데 우리가 수사권이 있는 것도 아니니까 사정을 하고…" 학부모와 민원인을 구분해 통제하는 등 현실에 맞는 구체적인 지침이 필요하다는 지적입니다. <최미숙 / 학교를 사랑하는 학부모모임 대표> "지금이라도 학교 내에 들어갈 때 보안에 대한 세심한 지침, 교육부 지침이든 대통령령 지침이든 법으로 제한을 둬야…" 서울시교육청은 보안강화를 위한 태스크포스를 운영하고 '학교방문 예약제' 도입을 검토하는 등 대책 마련을 고심중입니다. 연합뉴스TV 황정현입니다. 연합뉴스TV : 02-398-4441(기사문의ㆍ제보) 카톡/라인 jebo23  (끝)
society	누가 빠를까		(대전=연합뉴스) 양영석 기자 = 4일 대전 한화생명이글스파크에서 열린 프로야구 한화와 롯데의 경기. 한화 정근우가 7회말 무사 1루에서 적시타를 치고 3루까지 달려 슬라이딩하고 있다. 2018.4.4 youngs@yna.co.kr
society	이번 달부터 초등돌봄교실 과일 간식 제공		[EBS 저녁뉴스] 이번 달부터 일부 지방자치단체에서 초등돌봄교실 학생들에게 과일 간식을 제공합니다.   농림축산식품부는 '초등돌봄교실 과일 간식 지원 시범사업'을 조기 시행하기 위해 전국 15개 시·도에 국비 61억 원을 우선 교부했다고 밝혔습니다.  농식품부 관계자는 "과일 간식 공급 시기를 앞당기기 위해 기획재정부와 협의해 국비보조금을 우선 교부했다"면서 "전국 228개 지자체 가운데 이번 달과 다음 달 중 과일 간식이 제공되는 지역은 108곳이며, 2학기가 시작되는 9월에는 모든 지자체가 과일 간식을 공급할 수 있을 것"이라고 말했습니다.  이윤녕 기자 (ynlee@ebs.co.kr)
society	득점 호잉		(대전=연합뉴스) 양영석 기자 = 4일 대전 한화생명이글스파크에서 열린 프로야구 한화와 롯데의 경기. 한화 호잉이 7회말 정근우가 적시 3루타 때 득점에 성공, 더그아웃으로 들어오고 있다. 2018.4.4 youngs@yna.co.kr
